Code du département;Libellé du département;Etat saisie;Inscrits;Abstentions;% Abs/Ins;Votants;% Vot/Ins;Blancs;% Blancs/Ins;% Blancs/Vot;Nuls;% Nuls/Ins;% Nuls/Vot;Exprimés;% Exp/Ins;% Exp/Vot;Code Nuance;Voix;% Voix/Ins;% Voix/Exp;Sièges
01;Ain;Complet;440749;242450;55,01;198299;44,99;14294;3,24;7,21;4416;1,00;2,23;179589;40,75;90,56;NUP;71536;16,23;39,83;00;ENS;43358;9,84;24,14;02;LR;24407;5,54;13,59;01;DVD;17687;4,01;9,85;01;RN;22601;5,13;12,58;01
02;Aisne;Complet;374307;207256;55,37;167051;44,63;10300;2,75;6,17;3277;0,88;1,96;153474;41,00;91,87;NUP;28015;7,48;18,25;01;ENS;27404;7,32;17,86;00;LR;17463;4,67;11,38;01;RN;80592;21,53;52,51;03
03;Allier;Complet;250522;132123;52,74;118399;47,26;10410;4,16;8,79;4926;1,97;4,16;103063;41,14;87,05;NUP;37808;15,09;36,68;01;ENS;29843;11,91;28,96;00;LR;19296;7,70;18,72;01;RN;16116;6,43;15,64;01
04;Alpes-de-Haute-Provence;Complet;128626;61597;47,89;67029;52,11;4955;3,85;7,39;1986;1,54;2,96;60088;46,72;89,64;NUP;30163;23,45;50,20;01;ENS;15134;11,77;25,19;00;RN;14791;11,50;24,62;01
05;Hautes-Alpes;Complet;113927;54799;48,10;59128;51,90;3481;3,06;5,89;1704;1,50;2,88;53943;47,35;91,23;NUP;25118;22,05;46,56;00;ENS;28825;25,30;53,44;02
06;Alpes-Maritimes;Complet;783287;454421;58,01;328866;41,99;18320;2,34;5,57;5679;0,73;1,73;304867;38,92;92,70;NUP;14111;1,80;4,63;00;ENS;121908;15,56;39,99;01;LR;101549;12,96;33,31;05;RN;67299;8,59;22,07;03
07;Ardèche;Complet;256727;123433;48,08;133294;51,92;7244;2,82;5,43;2929;1,14;2,20;123121;47,96;92,37;NUP;36652;14,28;29,77;00;DVG;21550;8,39;17,50;01;ENS;25684;10,00;20,86;01;LR;24896;9,70;20,22;01;RN;14339;5,59;11,65;00
08;Ardennes;Complet;186882;106264;56,86;80618;43,14;3631;1,94;4,50;1447;0,77;1,79;75540;40,42;93,70;ENS;14861;7,95;19,67;01;LR;15977;8,55;21,15;01;DVD;15575;8,33;20,62;01;RN;29127;15,59;38,56;00
09;Ariège;Complet;119503;57330;47,97;62173;52,03;4317;3,61;6,94;2585;2,16;4,16;55271;46,25;88,90;NUP;27129;22,70;49,08;01;DVG;16225;13,58;29,36;01;ENS;11917;9,97;21,56;00
10;Aube;Complet;206387;110241;53,41;96146;46,59;4571;2,21;4,75;1619;0,78;1,68;89956;43,59;93,56;ENS;26794;12,98;29,79;00;LR;19730;9,56;21,93;01;RN;43432;21,04;48,28;02
11;Aude;Complet;280915;137233;48,85;143682;51,15;12249;4,36;8,53;4724;1,68;3,29;126709;45,11;88,19;NUP;40627;14,46;32,06;00;ENS;18724;6,67;14,78;00;RN;67358;23,98;53,16;03
12;Aveyron;Complet;219811;103034;46,87;116777;53,13;7340;3,34;6,29;4090;1,86;3,50;105347;47,93;90,21;NUP;46699;21,25;44,33;01;ENS;58648;26,68;55,67;02
13;Bouches-du-Rhône;Complet;1419925;807802;56,89;612123;43,11;36109;2,54;5,90;11668;0,82;1,91;564346;39,74;92,19;NUP;162728;11,46;28,83;04;ENS;163186;11,49;28,92;06;LR;18154;1,28;3,22;00;RN;220278;15,51;39,03;06
14;Calvados;Complet;514880;257407;49,99;257473;50,01;13089;2,54;5,08;5710;1,11;2,22;238674;46,36;92,70;NUP;96207;18,69;40,31;01;ENS;126347;24,54;52,94;05;RN;16120;3,13;6,75;00
15;Cantal;Complet;115963;61701;53,21;54262;46,79;4303;3,71;7,93;1783;1,54;3,29;48176;41,54;88,78;ENS;14568;12,56;30,24;00;LR;33608;28,98;69,76;02
16;Charente;Complet;258371;132313;51,21;126058;48,79;8304;3,21;6,59;4111;1,59;3,26;113643;43,98;90,15;NUP;18830;7,29;16,57;00;ENS;58605;22,68;51,57;02;RN;36208;14,01;31,86;01
17;Charente-Maritime;Complet;521007;265960;51,05;255047;48,95;14656;2,81;5,75;5676;1,09;2,23;234715;45,05;92,03;NUP;41828;8,03;17,82;00;DVG;34576;6,64;14,73;01;ENS;93838;18,01;39,98;04;RN;64473;12,37;27,47;00
18;Cher;Complet;224526;120044;53,47;104482;46,53;8164;3,64;7,81;2614;1,16;2,50;93704;41,73;89,68;NUP;27273;12,15;29,11;01;ENS;37551;16,72;40,07;02;RN;28880;12,86;30,82;00
19;Corrèze;Complet;185576;84289;45,42;101287;54,58;5351;2,88;5,28;3624;1,95;3,58;92312;49,74;91,14;NUP;40606;21,88;43,99;00;LR;51706;27,86;56,01;02
2A;Corse-du-Sud;Complet;114095;61967;54,31;52128;45,69;2000;1,75;3,84;1322;1,16;2,54;48806;42,78;93,63;REG;25941;22,74;53,15;01;ENS;12013;10,53;24,61;01;DVD;10852;9,51;22,23;00
2B;Haute-Corse;Complet;129434;70729;54,64;58705;45,36;2292;1,77;3,90;1236;0,95;2,11;55177;42,63;93,99;REG;30501;23,56;55,28;02;DVC;8055;6,22;14,60;00;DVD;16621;12,84;30,12;00
21;Côte-d'Or;Complet;368527;190013;51,56;178514;48,44;12219;3,32;6,84;3881;1,05;2,17;162414;44,07;90,98;NUP;43604;11,83;26,85;00;ENS;70119;19,03;43,17;04;LR;19291;5,23;11,88;01;RN;29400;7,98;18,10;00
22;Côtes-d'Armor;Complet;473187;213983;45,22;259204;54,78;11589;2,45;4,47;5938;1,25;2,29;241677;51,07;93,24;NUP;109776;23,20;45,42;01;ENS;101889;21,53;42,16;03;LR;30012;6,34;12,42;01
23;Creuse;Complet;91036;43094;47,34;47942;52,66;3438;3,78;7,17;2220;2,44;4,63;42284;46,45;88,20;NUP;21752;23,89;51,44;01;ENS;20532;22,55;48,56;00
24;Dordogne;Complet;319282;146937;46,02;172345;53,98;10374;3,25;6,02;6312;1,98;3,66;155659;48,75;90,32;NUP;55934;17,52;35,93;02;ENS;49898;15,63;32,06;01;DVC;19445;6,09;12,49;00;RN;30382;9,52;19,52;01
25;Doubs;Complet;370175;199860;53,99;170315;46,01;10744;2,90;6,31;4332;1,17;2,54;155239;41,94;91,15;NUP;33792;9,13;21,77;00;ENS;72109;19,48;46,45;03;LR;22678;6,13;14,61;01;RN;26660;7,20;17,17;01
26;Drôme;Complet;384009;193638;50,43;190371;49,57;11849;3,09;6,22;4600;1,20;2,42;173922;45,29;91,36;NUP;80393;20,94;46,22;01;ENS;44887;11,69;25,81;01;LR;27076;7,05;15,57;01;RN;21566;5,62;12,40;01
27;Eure;Complet;433756;226596;52,24;207160;47,76;13971;3,22;6,74;4023;0,93;1,94;189166;43,61;91,31;NUP;19824;4,57;10,48;01;ENS;72486;16,71;38,32;00;RN;96856;22,33;51,20;04
28;Eure-et-Loir;Complet;304838;167710;55,02;137128;44,98;7641;2,51;5,57;2766;0,91;2,02;126721;41,57;92,41;NUP;16251;5,33;12,82;00;ENS;56259;18,46;44,40;03;LR;17957;5,89;14,17;01;RN;36254;11,89;28,61;00
29;Finistère;Complet;712124;339390;47,66;372734;52,34;16417;2,31;4,40;6449;0,91;1,73;349868;49,13;93,87;NUP;163966;23,02;46,87;01;ENS;167775;23,56;47,95;06;DVC;18127;2,55;5,18;01
30;Gard;Complet;557322;298502;53,56;258820;46,44;19414;3,48;7,50;6895;1,24;2,66;232511;41,72;89,84;NUP;57127;10,25;24,57;01;ENS;70923;12,73;30,50;01;RN;104461;18,74;44,93;04
31;Haute-Garonne;Complet;937879;455001;48,51;482878;51,49;24849;2,65;5,15;12103;1,29;2,51;445926;47,55;92,35;NUP;209473;22,33;46,97;05;DVG;24191;2,58;5,42;01;ENS;196395;20,94;44,04;04;RN;15867;1,69;3,56;00
32;Gers;Complet;147657;68425;46,34;79232;53,66;5433;3,68;6,86;2697;1,83;3,40;71102;48,15;89,74;NUP;17025;11,53;23,94;00;DVG;22203;15,04;31,23;01;ENS;31874;21,59;44,83;01
33;Gironde;Complet;1165406;596445;51,18;568961;48,82;33712;2,89;5,93;13206;1,13;2,32;522043;44,79;91,75;NUP;195435;16,77;37,44;03;ENS;237103;20,35;45,42;07;RN;89505;7,68;17,15;02
34;Hérault;Complet;852590;450542;52,84;402048;47,16;30296;3,55;7,54;11108;1,30;2,76;360644;42,30;89,70;NUP;167062;19,59;46,32;03;ENS;71612;8,40;19,86;03;DVD;26255;3,08;7,28;01;RN;95715;11,23;26,54;02
35;Ille-et-Vilaine;Complet;775521;369137;47,60;406384;52,40;17223;2,22;4,24;7775;1,00;1,91;381386;49,18;93,85;NUP;163632;21,10;42,90;04;ENS;194050;25,02;50,88;03;LR;23704;3,06;6,22;01
36;Indre;Complet;166144;86825;52,26;79319;47,74;5604;3,37;7,07;2619;1,58;3,30;71096;42,79;89,63;NUP;14258;8,58;20,05;00;ENS;18158;10,93;25,54;01;LR;22507;13,55;31,66;01;RN;16173;9,73;22,75;00
37;Indre-et-Loire;Complet;442249;226494;51,21;215755;48,79;12382;2,80;5,74;4923;1,11;2,28;198450;44,87;91,98;NUP;76298;17,25;38,45;01;ENS;106866;24,16;53,85;04;RN;15286;3,46;7,70;00
38;Isère;Complet;889988;470241;52,84;419747;47,16;22294;2,50;5,31;6844;0,77;1,63;390609;43,89;93,06;NUP;122744;13,79;31,42;04;ENS;175338;19,70;44,89;04;LR;23678;2,66;6,06;01;RN;68849;7,74;17,63;01
39;Jura;Complet;191222;96597;50,52;94625;49,48;4510;2,36;4,77;2228;1,17;2,35;87887;45,96;92,88;NUP;36277;18,97;41,28;00;ENS;16833;8,80;19,15;01;LR;34777;18,19;39,57;02
40;Landes;Complet;331085;160433;48,46;170652;51,54;10490;3,17;6,15;4832;1,46;2,83;155330;46,92;91,02;NUP;78513;23,71;50,55;01;ENS;76817;23,20;49,45;02
41;Loir-et-Cher;Complet;245112;124717;50,88;120395;49,12;7761;3,17;6,45;3004;1,23;2,50;109630;44,73;91,06;NUP;15606;6,37;14,24;00;ENS;58754;23,97;53,59;02;RN;35270;14,39;32,17;01
42;Loire;Complet;516560;288513;55,85;228047;44,15;14352;2,78;6,29;4812;0,93;2,11;208883;40,44;91,60;NUP;54012;10,46;25,86;01;ENS;77399;14,98;37,05;02;LR;77472;15,00;37,09;03
43;Haute-Loire;Complet;181075;92595;51,14;88480;48,86;3225;1,78;3,64;1521;0,84;1,72;83734;46,24;94,64;NUP;25635;14,16;30,61;00;LR;58099;32,09;69,39;02
44;Loire-Atlantique;Complet;1061096;525352;49,51;535744;50,49;24318;2,29;4,54;9325;0,88;1,74;502101;47,32;93,72;NUP;250197;23,58;49,83;05;ENS;251904;23,74;50,17;05
45;Loiret;Complet;459476;241363;52,53;218113;47,47;14098;3,07;6,46;5150;1,12;2,36;198865;43,28;91,18;NUP;56470;12,29;28,40;00;ENS;90726;19,75;45,62;04;RN;51669;11,25;25,98;02
46;Lot;Complet;139533;58171;41,69;81362;58,31;2760;1,98;3,39;1643;1,18;2,02;76959;55,15;94,59;NUP;26634;19,09;34,61;00;DVG;11966;8,58;15,55;00;ENS;12744;9,13;16,56;01;LR;25615;18,36;33,28;01
47;Lot-et-Garonne;Complet;242127;115909;47,87;126218;52,13;8463;3,50;6,71;3476;1,44;2,75;114279;47,20;90,54;NUP;27041;11,17;23,66;00;ENS;32812;13,55;28,71;01;RN;54426;22,48;47,63;02
48;Lozère;Complet;59909;24428;40,78;35481;59,22;2184;3,65;6,16;1322;2,21;3,73;31975;53,37;90,12;NUP;14620;24,40;45,72;00;UDI;17355;28,97;54,28;01
49;Maine-et-Loire;Complet;591607;311073;52,58;280534;47,42;13250;2,24;4,72;5719;0,97;2,04;261565;44,21;93,24;NUP;110028;18,60;42,07;00;ENS;132517;22,40;50,66;06;LR;19020;3,21;7,27;01
50;Manche;Complet;384799;199042;51,73;185757;48,27;9377;2,44;5,05;3736;0,97;2,01;172644;44,87;92,94;NUP;70166;18,23;40,64;01;ENS;75312;19,57;43,62;02;LR;27166;7,06;15,74;01
51;Marne;Complet;382278;214458;56,10;167820;43,90;11458;3,00;6,83;3375;0,88;2,01;152987;40,02;91,16;NUP;24614;6,44;16,09;00;ENS;50028;13,09;32,70;03;DVD;21325;5,58;13,94;01;RN;57020;14,92;37,27;01
52;Haute-Marne;Complet;129445;66713;51,54;62732;48,46;2999;2,32;4,78;1281;0,99;2,04;58452;45,16;93,18;ENS;15411;11,91;26,37;00;LR;12963;10,01;22,18;00;RN;30078;23,24;51,46;02
53;Mayenne;Complet;152780;82293;53,86;70487;46,14;3224;2,11;4,57;1551;1,02;2,20;65712;43,01;93,23;NUP;34161;22,36;51,99;01;ENS;31551;20,65;48,01;01
54;Meurthe-et-Moselle;Complet;494028;277715;56,21;216313;43,79;11340;2,30;5,24;3734;0,76;1,73;201239;40,73;93,03;NUP;62559;12,66;31,09;02;DVG;21781;4,41;10,82;01;ENS;48060;9,73;23,88;02;LR;24952;5,05;12,40;01;RN;43887;8,88;21,81;00
55;Meuse;Complet;135159;71976;53,25;63183;46,75;2960;2,19;4,68;1076;0,80;1,70;59147;43,76;93,61;ENS;11534;8,53;19,50;00;DVD;19027;14,08;32,17;01;RN;28586;21,15;48,33;01
56;Morbihan;Complet;611207;300132;49,10;311075;50,90;15407;2,52;4,95;6852;1,12;2,20;288816;47,25;92,84;NUP;103225;16,89;35,74;00;REG;37678;6,16;13,05;01;ENS;147913;24,20;51,21;05
57;Moselle;Complet;747918;453347;60,61;294571;39,39;19181;2,56;6,51;4929;0,66;1,67;270461;36,16;91,82;NUP;57120;7,64;21,12;01;ENS;78520;10,50;29,03;03;LR;39068;5,22;14,44;02;RN;95753;12,80;35,40;03
58;Nièvre;Complet;154432;76750;49,70;77682;50,30;3511;2,27;4,52;1183;0,77;1,52;72988;47,26;93,96;NUP;11527;7,46;15,79;00;ENS;32131;20,81;44,02;02;RN;29330;18,99;40,18;00
59;Nord;Complet;1820567;1030566;56,61;790001;43,39;42806;2,35;5,42;16339;0,90;2,07;730856;40,14;92,51;NUP;235259;12,92;32,19;05;DVG;18448;1,01;2,52;01;ENS;231295;12,70;31,65;07;UDI;19211;1,06;2,63;01;DVD;17199;0,94;2,35;01;RN;209444;11,50;28,66;06
60;Oise;Complet;565770;311090;54,99;254680;45,01;14695;2,60;5,77;4689;0,83;1,84;235296;41,59;92,39;NUP;26827;4,74;11,40;00;ENS;53633;9,48;22,79;01;LR;57352;10,14;24,37;03;RN;97484;17,23;41,43;03
61;Orne;Complet;205739;107414;52,21;98325;47,79;6175;3,00;6,28;1902;0,92;1,93;90248;43,87;91,79;NUP;14776;7,18;16,37;01;ENS;14661;7,13;16,25;00;LR;39721;19,31;44,01;02;RN;21090;10,25;23,37;00
62;Pas-de-Calais;Complet;1096112;598151;54,57;497961;45,43;24911;2,27;5,00;12546;1,14;2,52;460504;42,01;92,48;NUP;46723;4,26;10,15;01;DVG;22801;2,08;4,95;01;ENS;134199;12,24;29,14;03;LR;20132;1,84;4,37;01;RN;236649;21,59;51,39;06
63;Puy-de-Dôme;Complet;469996;240975;51,27;229021;48,73;12984;2,76;5,67;6278;1,34;2,74;209759;44,63;91,59;NUP;118690;25,25;56,58;03;ENS;77436;16,48;36,92;02;RN;13633;2,90;6,50;00
64;Pyrénées-Atlantiques;Complet;521924;254660;48,79;267264;51,21;16309;3,12;6,10;7498;1,44;2,81;243457;46,65;91,09;NUP;106370;20,38;43,69;01;DVG;26414;5,06;10,85;01;ENS;110673;21,20;45,46;04
65;Hautes-Pyrénées;Complet;177801;86063;48,40;91738;51,60;6716;3,78;7,32;3503;1,97;3,82;81519;45,85;88,86;NUP;39894;22,44;48,94;01;ENS;41625;23,41;51,06;01
66;Pyrénées-Orientales;Complet;363348;194198;53,45;169150;46,55;12249;3,37;7,24;4976;1,37;2,94;151925;41,81;89,82;NUP;16368;4,50;10,77;00;ENS;49385;13,59;32,51;00;RN;86172;23,72;56,72;04
67;Bas-Rhin;Complet;784532;441169;56,23;343363;43,77;14151;1,80;4,12;4800;0,61;1,40;324412;41,35;94,48;NUP;59983;7,65;18,49;02;ENS;166074;21,17;51,19;06;LR;21676;2,76;6,68;01;RN;76679;9,77;23,64;00
68;Haut-Rhin;Complet;533583;319010;59,79;214573;40,21;12017;2,25;5,60;3077;0,58;1,43;199479;37,38;92,97;NUP;10094;1,89;5,06;00;ENS;87892;16,47;44,06;05;LR;52205;9,78;26,17;01;RN;49288;9,24;24,71;00
69;Rhône;Complet;1192744;627713;52,63;565031;47,37;26850;2,25;4,75;9307;0,78;1,65;528874;44,34;93,60;NUP;195656;16,40;36,99;04;ENS;274177;22,99;51,84;07;LR;59041;4,95;11,16;03
70;Haute-Saône;Complet;178121;87269;48,99;90852;51,01;5595;3,14;6,16;3072;1,72;3,38;82185;46,14;90,46;ENS;37443;21,02;45,56;00;RN;44742;25,12;54,44;02
71;Saône-et-Loire;Complet;404108;218400;54,04;185708;45,96;11744;2,91;6,32;4793;1,19;2,58;169171;41,86;91,10;NUP;60627;15,00;35,84;01;ENS;54724;13,54;32,35;03;LR;22823;5,65;13,49;01;RN;30997;7,67;18,32;00
72;Sarthe;Complet;412114;226088;54,86;186026;45,14;16727;4,06;8,99;4079;0,99;2,19;165220;40,09;88,82;NUP;49503;12,01;29,96;02;ENS;56868;13,80;34,42;03;RN;58849;14,28;35,62;00
73;Savoie;Complet;322278;168797;52,38;153481;47,62;7204;2,24;4,69;2902;0,90;1,89;143375;44,49;93,42;NUP;58222;18,07;40,61;01;ENS;41530;12,89;28,97;01;LR;43623;13,54;30,43;02
74;Haute-Savoie;Complet;569620;320179;56,21;249441;43,79;12416;2,18;4,98;4352;0,76;1,74;232673;40,85;93,28;NUP;75890;13,32;32,62;00;ENS;98392;17,27;42,29;04;LR;47053;8,26;20,22;02;RN;11338;1,99;4,87;00
75;Paris;Complet;1144343;521821;45,60;622522;54,40;21384;1,87;3,44;7309;0,64;1,17;593829;51,89;95,39;NUP;248048;21,68;41,77;06;DVG;14857;1,30;2,50;00;ENS;298188;26,06;50,21;09;LR;32736;2,86;5,51;00
76;Seine-Maritime;Complet;882863;467770;52,98;415093;47,02;28800;3,26;6,94;7738;0,88;1,86;378555;42,88;91,20;NUP;152047;17,22;40,17;05;ENS;119379;13,52;31,54;05;RN;107129;12,13;28,30;00
77;Seine-et-Marne;Complet;905108;517394;57,16;387714;42,84;23862;2,64;6,15;7062;0,78;1,82;356790;39,42;92,02;NUP;141275;15,61;39,60;03;ENS;113159;12,50;31,72;05;LR;37288;4,12;10,45;02;RN;65068;7,19;18,24;01
78;Yvelines;Complet;965215;487085;50,46;478130;49,54;24552;2,54;5,14;8620;0,89;1,80;444958;46,10;93,06;NUP;157852;16,35;35,48;02;ENS;271475;28,13;61,01;10;RN;15631;1,62;3,51;00
79;Deux-Sèvres;Complet;274118;142229;51,89;131889;48,11;6485;2,37;4,92;3410;1,24;2,59;121994;44,50;92,50;NUP;60607;22,11;49,68;01;ENS;61387;22,39;50,32;02
80;Somme;Complet;411099;211977;51,56;199122;48,44;15175;3,69;7,62;4868;1,18;2,44;179079;43,56;89,93;NUP;49209;11,97;27,48;01;ENS;35746;8,70;19,96;01;LR;21266;5,17;11,88;01;RN;72858;17,72;40,68;02
81;Tarn;Complet;299176;139044;46,48;160132;53,52;10761;3,60;6,72;5524;1,85;3,45;143847;48,08;89,83;NUP;61511;20,56;42,76;01;ENS;46647;15,59;32,43;01;RN;35689;11,93;24,81;01
82;Tarn-et-Garonne;Complet;189348;93830;49,55;95518;50,45;6297;3,33;6,59;2711;1,43;2,84;86510;45,69;90,57;NUP;25327;13,38;29,28;01;ENS;19384;10,24;22,41;00;RN;41799;22,08;48,32;01
83;Var;Complet;824923;454826;55,14;370097;44,86;16635;2,02;4,49;5719;0,69;1,55;347743;42,15;93,96;ENS;163023;19,76;46,88;01;RN;184720;22,39;53,12;07
84;Vaucluse;Complet;413316;223582;54,09;189734;45,91;11931;2,89;6,29;3926;0,95;2,07;173877;42,07;91,64;NUP;14065;3,40;8,09;00;ENS;66424;16,07;38,20;01;RN;93388;22,59;53,71;04
85;Vendée;Complet;552911;298704;54,02;254207;45,98;15044;2,72;5,92;6374;1,15;2,51;232789;42,10;91,57;NUP;41707;7,54;17,92;00;ENS;130811;23,66;56,19;04;DVD;23336;4,22;10,02;01;RN;36935;6,68;15,87;00
86;Vienne;Complet;307002;154550;50,34;152452;49,66;8951;2,92;5,87;3719;1,21;2,44;139782;45,53;91,69;NUP;38243;12,46;27,36;01;ENS;72618;23,65;51,95;03;RN;28921;9,42;20,69;00
87;Haute-Vienne;Complet;264544;127901;48,35;136643;51,65;10335;3,91;7,56;6519;2,46;4,77;119789;45,28;87,67;NUP;66991;25,32;55,92;03;ENS;36041;13,62;30,09;00;RN;16757;6,33;13,99;00
88;Vosges;Complet;278565;148517;53,32;130048;46,68;6299;2,26;4,84;2481;0,89;1,91;121268;43,53;93,25;ENS;15823;5,68;13,05;01;LR;36888;13,24;30,42;02;DVD;21035;7,55;17,35;01;RN;47522;17,06;39,19;00
89;Yonne;Complet;238983;124070;51,92;114913;48,08;8314;3,48;7,24;2589;1,08;2,25;104010;43,52;90,51;NUP;16135;6,75;15,51;00;ENS;33699;14,10;32,40;01;RN;54176;22,67;52,09;02
90;Territoire de Belfort;Complet;94246;50476;53,56;43770;46,44;4248;4,51;9,71;1538;1,63;3,51;37984;40,30;86,78;NUP;9476;10,05;24,95;01;LR;12037;12,77;31,69;01;RN;16471;17,48;43,36;00
91;Essonne;Complet;804779;426433;52,99;378346;47,01;19719;2,45;5,21;6956;0,86;1,84;351671;43,70;92,95;NUP;173725;21,59;49,40;03;ENS;139033;17,28;39,53;05;DSV;19306;2,40;5,49;01;RN;19607;2,44;5,58;01
92;Hauts-de-Seine;Complet;1004370;481170;47,91;523200;52,09;22297;2,22;4,26;4362;0,43;0,83;496541;49,44;94,90;NUP;184068;18,33;37,07;04;ENS;269945;26,88;54,37;08;LR;42528;4,23;8,56;01
93;Seine-Saint-Denis;Complet;720090;456489;63,39;263601;36,61;14412;2,00;5,47;4167;0,58;1,58;245022;34,03;92,95;NUP;160361;22,27;65,45;11;ENS;61872;8,59;25,25;00;UDI;11395;1,58;4,65;00;LR;11394;1,58;4,65;00
94;Val-de-Marne;Complet;802902;425924;53,05;376978;46,95;14159;1,76;3,76;5208;0,65;1,38;357611;44,54;94,86;NUP;179817;22,40;50,28;06;ENS;152153;18,95;42,55;04;LR;25641;3,19;7,17;01
95;Val-d'Oise;Complet;738073;421320;57,08;316753;42,92;15547;2,11;4,91;5765;0,78;1,82;295441;40,03;93,27;NUP;151052;20,47;51,13;04;ENS;134012;18,16;45,36;06;RN;10377;1,41;3,51;00
ZA;Guadeloupe;Complet;316354;227030;71,76;89324;28,24;3842;1,21;4,30;3553;1,12;3,98;81929;25,90;91,72;DVG;59621;18,85;72,77;04;ENS;10915;3,45;13,32;00;RN;11393;3,60;13,91;00
ZB;Martinique;Complet;304555;226262;74,29;78293;25,71;3025;0,99;3,86;2365;0,78;3,02;72903;23,94;93,12;DVG;19149;6,29;26,27;02;REG;53754;17,65;73,73;02
ZC;Guyane;Complet;103592;70859;68,40;32733;31,60;910;0,88;2,78;543;0,52;1,66;31280;30,20;95,56;DVG;8277;7,99;26,46;01;REG;15989;15,43;51,12;01;ENS;7014;6,77;22,42;00
ZD;La Réunion;Complet;678140;442848;65,30;235292;34,70;10682;1,58;4,54;11637;1,72;4,95;212973;31,41;90,51;DXG;11229;1,66;5,27;00;DVG;119914;17,68;56,30;06;DVC;17537;2,59;8,23;00;UDI;8013;1,18;3,76;00;LR;17363;2,56;8,15;00;DVD;38917;5,74;18,27;01
ZM;Mayotte;Complet;92733;46908;50,58;45825;49,42;1385;1,49;3,02;2089;2,25;4,56;42351;45,67;92,42;DIV;18295;19,73;43,20;01;DVC;9806;10,57;23,15;00;LR;14250;15,37;33,65;01
ZN;Nouvelle-Calédonie;Complet;219154;120196;54,85;98958;45,15;1579;0,72;1,60;850;0,39;0,86;96529;44,05;97,55;REG;39479;18,01;40,90;00;ENS;57050;26,03;59,10;02
ZP;Polynésie française;Complet;206351;95915;46,48;110436;53,52;1219;0,59;1,10;1145;0,55;1,04;108072;52,37;97,86;REG;61437;29,77;56,85;03;ENS;46635;22,60;43,15;00
ZS;Saint-Pierre-et-Miquelon;Complet;5049;2224;44,05;2825;55,95;121;2,40;4,28;65;1,29;2,30;2639;52,27;93,42;DVG;1310;25,95;49,64;00;DVD;1329;26,32;50,36;01
ZW;Wallis et Futuna;Complet;9580;2064;21,54;7516;78,46;62;0,65;0,82;36;0,38;0,48;7418;77,43;98,70;DVC;7418;77,43;100,00;01
ZX;Saint-Martin/Saint-Barthélemy;Complet;24567;18533;75,44;6034;24,56;122;0,50;2,02;78;0,32;1,29;5834;23,75;96,69;DVC;3921;15,96;67,21;01;DVD;1913;7,79;32,79;00
ZZ;Français établis hors de France;Complet;1447026;1088616;75,23;358410;24,77;14970;1,03;4,18;804;0,06;0,22;342636;23,68;95,60;NUP;137749;9,52;40,20;01;ENS;181581;12,55;53,00;08;DVC;14836;1,03;4,33;01;UDI;8470;0,59;2,47;01
